{
	"\uae40\ud3ec\uacf5\ud56d": [
		37.558958472067225,
		126.7991136277974,
		100
	],
	"\uc11c\uc6b8\uc5ed": [
		37.55467028558524,
		126.97063181863282,
		100
	],
	"\ub3d9\ub300\ubb38\ub514\uc790\uc778\ud504\ub77c\uc790": [
		37.56718162151263,
		127.00977405231792,
		100
	],
	"\uc218\uc11c\uc5ed": [
		37.48520976993105,
		127.10469467321393,
		100
	],
	"\uae40\ud3ec\uacf5\ud56d \ud55c\uac151": [
		37.588069,
		126.827091,
		100
	],
	"\uae40\ud3ec\uacf5\ud56d \ud55c\uac152": [
		37.540173,
		126.908137,
		100
	],
	"\uae40\ud3ec\uacf5\ud56d \ud55c\uac153": [
		37.53551,
		126.928556,
		100
	],
	"\uae40\ud3ec\uacf5\ud56d \ud55c\uac154": [
		37.529656,
		126.942804,
		100
	],
	"\uae40\ud3ec\uacf5\ud56d \ud55c\uac155": [
		37.52033,
		126.951473,
		100
	],
	"\uc11c\uc6b8\uc5ed \ud55c\uac151": [
		37.511882,
		126.971892,
		100
	],
	"\uc11c\uc6b8\uc5ed \ud55c\uac152": [
		37.511956,
		126.988529,
		100
	],
	"\ub3d9\ub300\ubb38\ub514\uc790\uc778\ud504\ub77c\uc790 \ud55c\uac151": [
		37.525832,
		127.01101,
		100
	],
	"\ub3d9\ub300\ubb38\ub514\uc790\uc778\ud504\ub77c\uc790 \ud55c\uac152": [
		37.538541,
		127.02598,
		100
	],
	"\ub3d9\ub300\ubb38\ub514\uc790\uc778\ud504\ub77c\uc790 \ud55c\uac153": [
		37.530366,
		127.056295,
		100
	],
	"\ub3d9\ub300\ubb38\ub514\uc790\uc778\ud504\ub77c\uc790 \ud55c\uac154": [
		37.522595,
		127.085692,
		100
	],
	"\uc218\uc11c\uc5ed \ud55c\uac151": [
		37.527232,
		127.096537,
		100
	]
}