{
	"\uae40\ud3ec\uacf5\ud56d": [
		37.558661,
		126.802997
	],
	"\uc11c\uc6b8\uc5ed": [
		37.553106,
		126.97062
	],
	"\ub3d9\ub300\ubb38\ub514\uc790\uc778\ud504\ub77c\uc790": [
		37.56674,
		127.00937
	],
	"\uc218\uc11c\uc5ed": [
		37.485743,
		127.104194
	],
	"\uae40\ud3ec\uacf5\ud56d \ud55c\uac151": [
		37.588069,
		126.827091
	],
	"\uae40\ud3ec\uacf5\ud56d \ud55c\uac152": [
		37.540173,
		126.908137
	],
	"\uae40\ud3ec\uacf5\ud56d \ud55c\uac153": [
		37.53551,
		126.928556
	],
	"\uae40\ud3ec\uacf5\ud56d \ud55c\uac154": [
		37.529656,
		126.942804
	],
	"\uae40\ud3ec\uacf5\ud56d \ud55c\uac155": [
		37.52033,
		126.951473
	],
	"\uc11c\uc6b8\uc5ed \ud55c\uac151": [
		37.511882,
		126.971892
	],
	"\uc11c\uc6b8\uc5ed \ud55c\uac152": [
		37.511956,
		126.988529
	],
	"\ub3d9\ub300\ubb38\ub514\uc790\uc778\ud504\ub77c\uc790 \ud55c\uac151": [
		37.525832,
		127.01101
	],
	"\ub3d9\ub300\ubb38\ub514\uc790\uc778\ud504\ub77c\uc790 \ud55c\uac152": [
		37.538541,
		127.02598
	],
	"\ub3d9\ub300\ubb38\ub514\uc790\uc778\ud504\ub77c\uc790 \ud55c\uac153": [
		37.530366,
		127.056295
	],
	"\ub3d9\ub300\ubb38\ub514\uc790\uc778\ud504\ub77c\uc790 \ud55c\uac154": [
		37.522595,
		127.085692
	],
	"\uc218\uc11c\uc5ed \ud55c\uac151": [
		37.527232,
		127.096537
	]
}