{
	"\uc11c\uc6b8 \uc218\uc11c\ub3d9": [
		37.48520976993105,
		127.10469467321393
	],
	"\uc11c\uc6b8 \ubc29\ud654\ub3d9": [
		37.558958472067225,
		126.7991136277974
	],
	"\uc11c\uc6b8 \ub3d9\uc790\ub3d9": [
		37.55467028558524,
		126.97063181863282
	],
	"\uc11c\uc6b8 \uc2e0\ub2f9\ub3d9": [
		37.56718162151263,
		127.00977405231792
	]
}